{
	"5": [
		1.5100356536221566,
		1.0460896580898158,
		1.0781999702661549,
		1.6010803981932515,
		2.777021195273296
	],
	"6": [
		2.0869477725812744,
		1.4438986477406166,
		1.3145327724140836,
		1.5998590980755154,
		2.483435825196425,
		3.9914095717729
	],
	"7": [
		2.4112801460090023,
		1.5375806115564752,
		1.1531763599956697,
		1.158176168324006,
		1.5796412237979123,
		2.5510084255816374,
		4.114717348670654
	],
	"8": [
		2.706404542739184,
		1.7530100706089569,
		1.2332243817620248,
		1.101418331333478,
		1.324790070955245,
		1.9303999850248024,
		3.017901634536685,
		4.614369974314524
	],
	"9": [
		3.1463284114184704,
		2.1009632701840393,
		1.449757333405108,
		1.16371126511931,
		1.2039980241548587,
		1.5238390546122804,
		2.196944120060729,
		3.367101648282203,
		4.999954368375195
	]
}