{
	"5": [
		1.662686982812558,
		1.118796670929167,
		1.1398120530339286,
		1.6448751405047881,
		2.760521488997288
	],
	"6": [
		1.8341055057003544,
		1.133679502564592,
		1.0005141606959531,
		1.300900786502535,
		2.0965093280700624,
		3.473262490616685
	],
	"7": [
		1.9653600126126156,
		1.1933437789487082,
		0.9506112483052447,
		1.0798026620520995,
		1.6511765822216755,
		2.6573302185440646,
		4.028679575593534
	],
	"8": [
		2.064404338134751,
		1.247535075205027,
		0.9037942463263169,
		0.8622597340912482,
		1.0936614488142227,
		1.7036688327619223,
		2.724715552086196,
		4.079370901208476
	],
	"9": [
		2.1362333308406747,
		1.3479040804843005,
		0.9542621547484081,
		0.8218391419302074,
		0.8780592671403114,
		1.1423563471515517,
		1.732832397493367,
		2.692496225293033,
		3.9440039514951457
	]
}