{
	"5": [
		1.8729863074434807,
		1.3055523696013105,
		1.2338553657681057,
		1.7315912653480945,
		3.064903931247559
	],
	"6": [
		2.2899072508968126,
		1.5598838648034647,
		1.2966257310825173,
		1.44028523419994,
		2.21019792957761,
		3.7483952972787637
	],
	"7": [
		2.5248455183265635,
		1.6982515889297105,
		1.315970820359647,
		1.2985381649777508,
		1.7224715177512417,
		2.7105145183103567,
		4.314143418599054
	],
	"8": [
		2.861512020815492,
		1.9667521093376852,
		1.512314733982108,
		1.3639616104672834,
		1.5441548033690646,
		2.1131005216290393,
		3.1501436480705314,
		4.711092163019222
	],
	"9": [
		3.119031752882834,
		2.1403864614850425,
		1.6217760848729565,
		1.4050702058881477,
		1.4203403926585205,
		1.7212412524689462,
		2.3898498961378283,
		3.4735685639356433,
		5.005430235022047
	]
}