{
	"5": [
		1.697380388500771,
		1.0956610651486178,
		1.0033253919360683,
		1.4784798224173852,
		2.720740867383586
	],
	"6": [
		2.1844398474764084,
		1.411144148174706,
		1.1517580505450586,
		1.346421567524542,
		2.147735598647959,
		3.6871084241992333
	],
	"7": [
		2.432254169577513,
		1.60372357977086,
		1.2189154086450134,
		1.1736601037084515,
		1.552140315147471,
		2.47933828541541,
		4.031318671302293
	],
	"8": [
		2.8374977643097483,
		1.9359151795468732,
		1.4451968570468867,
		1.2210426677276953,
		1.3042357990700648,
		1.7921029432708095,
		2.7725102739653997,
		4.305532068177285
	],
	"9": [
		3.0444696329070324,
		2.1220791232255456,
		1.5809378963914609,
		1.288488404942931,
		1.2410187382377766,
		1.4778501183455433,
		2.0888686444205966,
		3.1307303167454257,
		4.615065012597497
	]
}