{
	"5": [
		2.242913533349361,
		1.6358453728708275,
		1.5876376584758345,
		2.1553907196819586,
		3.600046309183156
	],
	"6": [
		2.2646026881312573,
		1.5685804381256248,
		1.3208664705168938,
		1.4832404432998267,
		2.1836642421125054,
		3.680389309479306
	],
	"7": [
		2.7234821482302545,
		1.9394881967195152,
		1.5875289631681315,
		1.5686002177335745,
		1.9754243853459896,
		2.921700594530466,
		4.534855714907566
	],
	"8": [
		3.0168386190705996,
		2.1677078979491187,
		1.7212075976528312,
		1.5475007340716442,
		1.7131897324694811,
		2.2968997167310903,
		3.310943944586916,
		4.870027812979397
	],
	"9": [
		3.266933409752389,
		2.3345992382529976,
		1.8825316092533713,
		1.7262441893852651,
		1.7616229931969647,
		2.0369675962078633,
		2.684159841918238,
		3.762499968157762,
		5.362777377169653
	]
}