{
	"5": [
		1.638925298961848,
		1.1357825803178727,
		1.1938084298674936,
		1.7613674573724307,
		2.9996891865117683
	],
	"6": [
		1.7813313005370384,
		1.1536340327909163,
		1.0515262120492432,
		1.3944050090622129,
		2.3199974609789265,
		3.7779155163993927
	],
	"7": [
		2.3483350817914026,
		1.483388530977655,
		1.1011157744338167,
		1.1099032847639034,
		1.542326766430659,
		2.517944268651732,
		4.027872472223707
	],
	"8": [
		2.6082140125675606,
		1.6797959592367417,
		1.1504932409005713,
		0.9945109240442146,
		1.1827586864162003,
		1.7517624593852892,
		2.7971794971643122,
		4.301018620036907
	],
	"9": [
		2.713414170038007,
		1.784644520210303,
		1.222611869996566,
		0.9814860554468662,
		1.0383608497088774,
		1.344889443677962,
		1.9765186285472052,
		3.0866756075400295,
		4.617595918507628
	]
}