{
	"5": [
		2.0078894874515285,
		1.3452415730113567,
		1.2099533834902172,
		1.6387861742645176,
		2.919442420121781
	],
	"6": [
		2.3049498502354653,
		1.5160625660101272,
		1.1912512536888895,
		1.2494246862716103,
		1.8684060630241266,
		3.259551154486001
	],
	"7": [
		2.7483628637332913,
		1.8398002529116395,
		1.4192880880720322,
		1.3145858078918369,
		1.5687179347417688,
		2.3689697904488476,
		3.8996075830284362
	],
	"8": [
		2.7613256079097703,
		1.905429323565945,
		1.4947343726746443,
		1.3227766936393683,
		1.342023933280763,
		1.6837379339098635,
		2.5079494870983137,
		3.8697724733463477
	],
	"9": [
		3.2953799214071338,
		2.3388483775867828,
		1.8371283967366259,
		1.5837860612207757,
		1.4811389449740509,
		1.5822852956818665,
		2.036794328260779,
		2.9730095834795573,
		4.450876571050121
	]
}