{
	"5": [
		1.6376796115445007,
		1.0835158526483517,
		1.1402762626661576,
		1.6860563913692712,
		3.0213028635280623
	],
	"6": [
		2.001852914332574,
		1.2779669373645284,
		1.061720034215595,
		1.2609118511958473,
		1.8924861824027408,
		3.264976091183875
	],
	"7": [
		2.5017380206174917,
		1.5321439747802597,
		1.1928481441017962,
		1.2866261829067625,
		1.714801450889353,
		2.510710553762688,
		4.013561126571914
	],
	"8": [
		2.613128339280769,
		1.6537649225374822,
		1.2036563154909523,
		1.170216131177227,
		1.3671040331788626,
		1.7989893903212015,
		2.5815079676886654,
		4.017146460682698
	],
	"9": [
		3.2250064759964565,
		2.07047890915365,
		1.4376069650803642,
		1.2690109231149527,
		1.389352493054456,
		1.6847678313758314,
		2.1715528139345683,
		3.016177590104575,
		4.511314476560894
	]
}