{
	"5": [
		1.6627367072373789,
		1.385198838955997,
		1.257399405735188,
		1.4853285977255615,
		2.0463734885036025
	],
	"6": [
		2.08909128426626,
		1.7055799703430436,
		1.4931452619927872,
		1.5471304402572463,
		2.0258617051534613,
		2.674350938792133
	],
	"7": [
		2.18889657341563,
		1.6530404318500984,
		1.277264280555991,
		1.1939072428213304,
		1.345213589698818,
		1.801335394209188,
		2.5250475258681297
	],
	"8": [
		2.2865905089468312,
		1.7285615430731542,
		1.271835804478162,
		1.1000708858593777,
		1.153677493802424,
		1.3954174262555925,
		1.9459543450469778,
		2.741062860190827
	],
	"9": [
		2.4904191399609585,
		1.8737589145788287,
		1.3728306675273734,
		1.0896288962046556,
		1.0484808523007034,
		1.145081452574337,
		1.4261477694276872,
		2.0464011970861944,
		2.884704154581033
	]
}