{
	"5": [
		1.8261941606854801,
		1.4751745235704927,
		1.3607963016680593,
		1.5334738471632543,
		2.0526165679148978
	],
	"6": [
		1.866409873594635,
		1.4132713248293682,
		1.1940556453795392,
		1.27877554373652,
		1.657596352103251,
		2.294767307369394
	],
	"7": [
		1.8265156007289287,
		1.3461746054807244,
		1.084002456472274,
		1.062881992931673,
		1.34801506795478,
		1.7983026800668873,
		2.4723691927412546
	],
	"8": [
		1.7770304783550726,
		1.2553702021326154,
		0.9511095702613508,
		0.8515516951252313,
		0.9186651223566771,
		1.2013036355354896,
		1.6760795730496616,
		2.350142084734217
	],
	"9": [
		1.7215403656818475,
		1.202247316050259,
		0.8854548367200072,
		0.7436871986530977,
		0.7245554966076402,
		0.8216314193894861,
		1.1069985416290835,
		1.5447735346680664,
		2.178771087640061
	]
}