{
	"5": [
		2.762272215510292,
		2.098546941744188,
		1.7587664400785326,
		1.836862294951263,
		2.5276985507701464
	],
	"6": [
		3.186471326325455,
		2.356745203698495,
		1.7845720491293091,
		1.662106925533376,
		1.9013837759218133,
		2.6764923337249544
	],
	"7": [
		3.673463782644966,
		2.7247628186487565,
		1.9033058729439725,
		1.6259838687646013,
		1.574720848622918,
		1.8660730865322401,
		2.7664802342995314
	],
	"8": [
		3.6541679099049382,
		2.768250602705002,
		1.954757742677575,
		1.649056863459363,
		1.4841009425868827,
		1.5426985680040364,
		1.8475141517323697,
		2.711998690786441
	],
	"9": [
		3.2955250671554066,
		2.5338545929693637,
		1.8745278225824484,
		1.5558213633296099,
		1.3926981094050401,
		1.3224627063727226,
		1.4068404664760623,
		1.673578143257456,
		2.4012207239893293
	]
}