{
	"5": [
		2.4179289036326184,
		2.015535386917138,
		1.8613253076136869,
		2.0310293676919766,
		2.771082978221228
	],
	"6": [
		2.242481269915076,
		1.7734204219055625,
		1.5172838285656323,
		1.5348258003033057,
		1.8067693046883375,
		2.519119448021036
	],
	"7": [
		2.5487161334297297,
		2.010788814238508,
		1.676070093028632,
		1.6048259517567967,
		1.7601175379877059,
		2.1274038625469416,
		2.9795100625661592
	],
	"8": [
		2.6435294588571114,
		2.069087237735437,
		1.6736109756795767,
		1.5040607893699418,
		1.5573791143032267,
		1.768146065895375,
		2.186718347371579,
		3.0671890301935165
	],
	"9": [
		2.7886407210205677,
		2.1476431522921895,
		1.735780258501888,
		1.5555351829975714,
		1.5067011567369462,
		1.6119094274920567,
		1.8975555309499978,
		2.3740512035084165,
		3.3012652196106944
	]
}