{
	"5": [
		1.832439080131396,
		1.5168631713604015,
		1.3819274450977308,
		1.6512483776865658,
		2.2250213933206737
	],
	"6": [
		1.8248442073132973,
		1.4567197016165543,
		1.2303431651767889,
		1.3375477242952638,
		1.8543447520796912,
		2.516870287888269
	],
	"7": [
		2.142101952954676,
		1.6352515655245772,
		1.243406500231433,
		1.1543142649434106,
		1.3214605721842856,
		1.8033309681934722,
		2.5077199935116936
	],
	"8": [
		2.178912620110381,
		1.6439260063988406,
		1.1907339395330148,
		1.0126243370348522,
		1.0411985166534572,
		1.268000531838504,
		1.8060501837826046,
		2.5505480879757343
	],
	"9": [
		2.1457600066127904,
		1.5972985699380577,
		1.1573735907274871,
		0.9185044770224997,
		0.8937580215050812,
		1.004673320628134,
		1.270713623058903,
		1.8510120534676906,
		2.636100428629013
	]
}