{
	"5": [
		2.1662652115131724,
		1.7166527590972167,
		1.4914046346912841,
		1.6158387285147213,
		2.174798829234614
	],
	"6": [
		2.2362578061437324,
		1.7123700556494574,
		1.4072441038624417,
		1.3384001082384624,
		1.551636473925841,
		2.154201334724382
	],
	"7": [
		2.476491145111579,
		1.8567289128383913,
		1.4923468444259447,
		1.3692205484759186,
		1.4234563830989408,
		1.7134848973703787,
		2.3898142041037755
	],
	"8": [
		2.3548071919568865,
		1.7717844861281113,
		1.4150956115835425,
		1.2527560545912624,
		1.2193182645783573,
		1.3280235766695323,
		1.6484518340862635,
		2.2684642887477917
	],
	"9": [
		2.7013513752202822,
		2.046751477517952,
		1.6232075896090226,
		1.3893946565349642,
		1.278571152656084,
		1.2871843947164043,
		1.4476992211590585,
		1.819711572859325,
		2.506729004953709
	]
}