{
	"5": [
		1.8808743307788172,
		1.4471773097754428,
		1.3939018837672055,
		1.5416653927264266,
		2.301001877033969
	],
	"6": [
		2.0484233490150583,
		1.5735594530092254,
		1.2462046411185834,
		1.3632275652487502,
		1.5170455859430838,
		2.3084683220728697
	],
	"7": [
		2.3476321818025254,
		1.7134567769677185,
		1.3558234713397914,
		1.3050409663348033,
		1.4990896245864107,
		1.8146112529573721,
		2.68345452008524
	],
	"8": [
		2.2491591781616296,
		1.6661869571891068,
		1.2461796239713983,
		1.1652273672858644,
		1.1611072523158517,
		1.4086673600086412,
		1.7300092760151116,
		2.578132104737581
	],
	"9": [
		2.62539764894958,
		1.9087162237192252,
		1.375102251163348,
		1.1999693136000609,
		1.1711777679148467,
		1.288066183415918,
		1.5649112767926228,
		1.9535380624156382,
		2.8301195827839396
	]
}