{
	"5": [
		1.9019791134570323,
		1.2115455650765408,
		1.0652905251504081,
		1.4165351002319784,
		2.372099965716692
	],
	"6": [
		2.6027304186312725,
		1.7248527815378392,
		1.4024270024362675,
		1.5038003104007884,
		2.1654877707396403,
		3.4829800567982905
	],
	"7": [
		3.0467059625335726,
		1.9260657763676836,
		1.3468602976736876,
		1.186036705402566,
		1.4333984223318625,
		2.205015463951364,
		3.5837507284756907
	],
	"8": [
		3.3725056221608787,
		2.1999648880578175,
		1.4838297419333561,
		1.193486956036546,
		1.2755590954340346,
		1.7158270473986985,
		2.6373542907052765,
		4.0781184606277305
	],
	"9": [
		3.8453027608166312,
		2.6260526557289716,
		1.7793593506295247,
		1.3377145290527321,
		1.2473653074641322,
		1.439495206409414,
		1.957219619684186,
		2.95297946628746,
		4.451942227399446
	]
}