{
	"5": [
		2.1120888565609053,
		1.3056032138414815,
		1.138155008748937,
		1.4665612061282305,
		2.3794166467052604
	],
	"6": [
		2.394877331232862,
		1.4064558749858733,
		1.068353256472542,
		1.2018377225864898,
		1.806917642450733,
		3.001958298822204
	],
	"7": [
		2.5679050997841726,
		1.5230770285853683,
		1.0869685056049303,
		1.0614009560294906,
		1.4612357526273336,
		2.298729023140117,
		3.5510151507605037
	],
	"8": [
		2.6783785990808116,
		1.614347797064182,
		1.1006349622760594,
		0.9321966483399818,
		1.0386855614311874,
		1.4898758073892187,
		2.3563683412171463,
		3.6138485653402275
	],
	"9": [
		2.7105118957243493,
		1.720390024322926,
		1.1800766652494037,
		0.9362123645461959,
		0.9119150191310293,
		1.0712504496851991,
		1.532802587958285,
		2.3376570470714695,
		3.505892061369282
	]
}