{
	"5": [
		2.022608172762952,
		1.6751544465234127,
		1.4773574404783423,
		1.6503181295790001,
		2.2958049819616972
	],
	"6": [
		2.238211387124487,
		1.792382392342514,
		1.5257853576107274,
		1.4916243746276319,
		1.785088403903607,
		2.5502881907167696
	],
	"7": [
		2.2981810965729483,
		1.7701458027090926,
		1.42053709881162,
		1.356616280645705,
		1.4898998817633546,
		1.885431528504533,
		2.724438039306866
	],
	"8": [
		2.4520595245206676,
		1.8754531158979486,
		1.4801832711935203,
		1.3214744770232125,
		1.3748140215410851,
		1.563694673421417,
		2.01729122494917,
		2.8601456102159535
	],
	"9": [
		2.552035168366241,
		1.9037813290742729,
		1.4734326889748766,
		1.2639406398114685,
		1.2124195715108534,
		1.3147470286226175,
		1.5808478430328061,
		2.084137198873877,
		2.942014483583057
	]
}