{
	"5": [
		2.3256531426843896,
		1.5196559099410145,
		1.2488832444764957,
		1.5372055056022427,
		2.632682238021899
	],
	"6": [
		2.84310319667942,
		1.8837671114843453,
		1.433346693627419,
		1.3795381316863982,
		1.9123942654796569,
		3.237792300360524
	],
	"7": [
		3.1240952854475155,
		2.076623187082834,
		1.5232183029838375,
		1.3488177396320367,
		1.5722106539291654,
		2.3464327649286445,
		3.79441957984238
	],
	"8": [
		3.486947016365107,
		2.3901829509001034,
		1.781441882496331,
		1.5048838674038183,
		1.5306155319723629,
		1.903788640235487,
		2.7661076474640165,
		4.191776654790401
	],
	"9": [
		3.7835007999485253,
		2.5879311064201187,
		1.9122636061515996,
		1.5916858948475558,
		1.5001141080090408,
		1.650729839348838,
		2.144909895647077,
		3.0797776149357596,
		4.496964636757251
	]
}