{
	"5": [
		1.8940860428890987,
		1.4252575323666359,
		1.246666651193355,
		1.4511887451174272,
		2.036714593067993
	],
	"6": [
		2.173290565399884,
		1.6320716609837502,
		1.3693827543183987,
		1.4086807965109787,
		1.7185150874838802,
		2.448704913959761
	],
	"7": [
		2.2205044379893706,
		1.6505669908329748,
		1.32946647427856,
		1.2338472516171604,
		1.3505234527340644,
		1.7225677670345727,
		2.4706184064548706
	],
	"8": [
		2.405689498942441,
		1.7970562371640482,
		1.415172613691235,
		1.2062499340681485,
		1.1750757772898177,
		1.360089144623343,
		1.7641512321698913,
		2.53093321860838
	],
	"9": [
		2.449266568275861,
		1.8278680510768737,
		1.415211469731661,
		1.1788705727263808,
		1.0784115034329362,
		1.1402260630387795,
		1.3873889589324817,
		1.8636010089229178,
		2.6333418914085387
	]
}