{
	"5": [
		2.1188718744611617,
		1.283350690622047,
		1.0335606777015616,
		1.3131511195264396,
		2.3253214390281784
	],
	"6": [
		2.7645245340550244,
		1.7304174674760198,
		1.2792944194051636,
		1.2770664836320063,
		1.8536370125115538,
		3.172942618506614
	],
	"7": [
		3.0336605739472713,
		1.970466161991084,
		1.430481767740199,
		1.230542820774585,
		1.418213117041869,
		2.1254379078975227,
		3.5080129329018006
	],
	"8": [
		3.4721320721169624,
		2.3695217984039805,
		1.7256430327717096,
		1.3757920434395265,
		1.3097026357567756,
		1.6185770542552065,
		2.406916127982418,
		3.795042050483643
	],
	"9": [
		3.670897933307266,
		2.5679564368396313,
		1.8928149328381714,
		1.4924471276930618,
		1.3292391728648565,
		1.4273830885863457,
		1.8762102868464174,
		2.752219034633903,
		4.117087714622701
	]
}