{
	"5": [
		2.709423135664581,
		1.864181674000393,
		1.6076841591251017,
		1.9300719877800219,
		3.127636073195336
	],
	"6": [
		2.7629560059282143,
		1.8621924265770953,
		1.4495766787724689,
		1.4290368858245308,
		1.9105125858483993,
		3.181407297473089
	],
	"7": [
		3.295432958201177,
		2.2946667944643213,
		1.7958424952442826,
		1.6335473956728164,
		1.839681335236147,
		2.563351000534918,
		4.0018802325394605
	],
	"8": [
		3.614879030497097,
		2.568333586392496,
		1.9852066706743556,
		1.6995476445028224,
		1.7081663281796406,
		2.10044041385528,
		2.9342203971658503,
		4.358908311533137
	],
	"9": [
		3.914122063887171,
		2.7534576249531795,
		2.142687390799693,
		1.8921631680995799,
		1.8462884808870452,
		1.9944274696198667,
		2.4633898817273394,
		3.3615314065544473,
		4.834316022260195
	]
}