{
	"5": [
		2.0867232264997746,
		1.3030895601345749,
		1.173913073757196,
		1.5582174472358228,
		2.5808681106028635
	],
	"6": [
		2.2719097488989837,
		1.4076405773850313,
		1.103516305784486,
		1.2854257524307708,
		1.9990999824978666,
		3.2957810236204637
	],
	"7": [
		2.985470023402431,
		1.8664181383016365,
		1.282198199227175,
		1.1316811499083266,
		1.397118006420628,
		2.17753884892954,
		3.517037771334778
	],
	"8": [
		3.26515164167785,
		2.1326708018854275,
		1.4128139182488042,
		1.096008117449143,
		1.136756134939913,
		1.5505712046238245,
		2.4395963368300695,
		3.7963635811784577
	],
	"9": [
		3.3688510209911273,
		2.2509156852101246,
		1.5143624949940302,
		1.1363130844942864,
		1.0730340943366228,
		1.2611248853049997,
		1.7575388579713926,
		2.7043437918311515,
		4.102109023930119
	]
}