{
	"5": [
		2.517102912747137,
		1.5845370173487945,
		1.2519439091415399,
		1.464043321548326,
		2.4813695515858276
	],
	"6": [
		2.882196453812764,
		1.8597527790886799,
		1.3576606528607036,
		1.2277605696887977,
		1.6229452025605902,
		2.781347033095976
	],
	"7": [
		3.404569577622272,
		2.2499752740423657,
		1.6618183805085016,
		1.4115243838378682,
		1.4794465208302483,
		2.0518486951659676,
		3.373733972985335
	],
	"8": [
		3.370011337494271,
		2.293995031159211,
		1.7439897627042742,
		1.4815315865941685,
		1.3812122920050254,
		1.556308562726214,
		2.189692935422299,
		3.393961555925185
	],
	"9": [
		3.9574561884796533,
		2.7725327347594133,
		2.1198257057693723,
		1.7875386018937323,
		1.621303361956661,
		1.5989274974775372,
		1.869879825813904,
		2.610221365316376,
		3.9412143000588724
	]
}