{
	"5": [
		2.08296337253231,
		1.2590891830350002,
		1.1219684449243341,
		1.482572197511706,
		2.5865347178743052
	],
	"6": [
		2.5528717207620115,
		1.564088989277182,
		1.155083986129498,
		1.1924658974495004,
		1.6468561909501103,
		2.819460403903744
	],
	"7": [
		3.1739211314847213,
		1.9270979246487088,
		1.3470185366249898,
		1.2845679824701117,
		1.5708807139038814,
		2.2077110226205714,
		3.518111292610494
	],
	"8": [
		3.256935426313914,
		2.08589543071246,
		1.431177624453567,
		1.2334888319782926,
		1.3226905810197553,
		1.6468570322232439,
		2.286009010671796,
		3.536732049666335
	],
	"9": [
		3.9644449758441307,
		2.6013699195365203,
		1.7515978168592912,
		1.3970105719926464,
		1.4001421886518983,
		1.607194567714139,
		1.9981967857744705,
		2.6945309566014646,
		4.018913312194426
	]
}