{
	"5": [
		1.622159565680219,
		1.4735549132666101,
		1.5904533956637463,
		2.143196149233891,
		3.4531018677594574
	],
	"6": [
		1.7261771898804172,
		1.4427363884982218,
		1.3642855231251503,
		1.6475996693788246,
		2.3765338174005572,
		3.7820748297182405
	],
	"7": [
		1.8788285479663154,
		1.4895075030293614,
		1.2328910146469514,
		1.3359409788093797,
		1.6607766319117658,
		2.4636427085757346,
		4.0323827041148625
	],
	"8": [
		1.7657343771435035,
		1.426937127084189,
		1.174337602126919,
		1.2092807178572373,
		1.331806332186027,
		1.7261768791671952,
		2.5076603390603855,
		4.0278998494759835
	],
	"9": [
		1.4907646172256115,
		1.2452478675915173,
		1.0637149522198983,
		1.0405834995520258,
		1.1014452239351855,
		1.2599320696571779,
		1.6270895385211253,
		2.3358547070926354,
		3.7138161275427817
	]
}