{
	"5": [
		1.272313599346616,
		1.232947883304014,
		1.3705384522599224,
		1.915295229023165,
		3.0140950868147196
	],
	"6": [
		1.179390893731486,
		1.064806029288356,
		1.0861999454752873,
		1.352974769748639,
		2.001611482728367,
		3.1315578601484755
	],
	"7": [
		1.204144591919649,
		1.0453078887891556,
		1.020291190292541,
		1.1806799092968197,
		1.580198202964985,
		2.336107998065546,
		3.5847935643280766
	],
	"8": [
		1.0876414192230248,
		0.9301345507389214,
		0.881145574064008,
		0.9414650701149263,
		1.1559725847487723,
		1.5897471727649177,
		2.3392910647773273,
		3.4554789838664917
	],
	"9": [
		1.228937714862742,
		1.0313682068693983,
		0.9357428852670922,
		0.9278743251515772,
		1.0354393879510457,
		1.3098380351614067,
		1.8386327659449038,
		2.678155161371141,
		3.9023090032480847
	]
}