{
	"5": [
		1.0982587575136347,
		1.0941203026315132,
		1.37431466932434,
		1.8857988201414684,
		3.1680333595312065
	],
	"6": [
		1.0992631634957009,
		1.019049033219947,
		1.0432016279275218,
		1.4353361832507532,
		1.9616956972809947,
		3.271333209717251
	],
	"7": [
		1.1401625116385878,
		0.9990672207933147,
		1.0225492897300699,
		1.2765438825633555,
		1.7600345162494366,
		2.4305026882603715,
		3.8485231060960894
	],
	"8": [
		1.0043562022751216,
		0.8619153957237596,
		0.8286246334687677,
		1.0010902918639832,
		1.250945262045659,
		1.749084262633573,
		2.4212201956920953,
		3.7689997381388727
	],
	"9": [
		1.094460367464111,
		0.8942436527618893,
		0.8117617984114672,
		0.923877800712524,
		1.1337079096280236,
		1.4711368273694958,
		2.0187413775250076,
		2.760470040103252,
		4.184799838515203
	]
}