{
	"5": [
		0.9959312419358746,
		1.054183334886172,
		1.2400551810047276,
		1.827148303600157,
		2.7921028346792807
	],
	"6": [
		1.165061787293393,
		1.1793809337672847,
		1.3060508502576824,
		1.7009125623800951,
		2.608259914922695,
		3.7018435270456584
	],
	"7": [
		1.0518963672469996,
		0.9302302274884553,
		0.907133165799912,
		1.1238093572479577,
		1.6123639287625733,
		2.5038104851409324,
		3.712150823438244
	],
	"8": [
		1.0277584980703638,
		0.8758778822476053,
		0.7903796069843676,
		0.9075346613162029,
		1.244473455367446,
		1.8192147278552704,
		2.815276273763392,
		4.082346880881192
	],
	"9": [
		1.037606655685016,
		0.8556667210654023,
		0.7301635732972364,
		0.7519124254441282,
		0.9597620654185078,
		1.3380821730064807,
		1.9735590396725373,
		3.0638455616710707,
		4.358416309233952
	]
}