{
	"5": [
		1.0535889292740201,
		1.1034234418113895,
		1.326303732822874,
		1.8442788719400938,
		2.796677651191296
	],
	"6": [
		0.9336644881946998,
		0.9069066832235426,
		1.0157473658688674,
		1.4269729458684939,
		2.182154451851705,
		3.2791757806419985
	],
	"7": [
		0.8011086545717842,
		0.7461193211049031,
		0.8068772643556011,
		1.0725538299783695,
		1.6927647191025537,
		2.5015465682925604,
		3.600191828966111
	],
	"8": [
		0.6896141819206302,
		0.5837827228169782,
		0.5815939128782103,
		0.7049662087345191,
		1.0171900842625599,
		1.638541738685853,
		2.4724427309765984,
		3.544255981385176
	],
	"9": [
		0.6021878405205604,
		0.4815886878553912,
		0.436634998289426,
		0.5009293452923388,
		0.6651106222614409,
		0.9902675795053649,
		1.5810552199526535,
		2.351042424732489,
		3.4133294011786326
	]
}