{
	"5": [
		1.2335840536913099,
		1.2507845371413637,
		1.4045341957091262,
		1.9931223358862453,
		3.1349863008970926
	],
	"6": [
		1.2396077132430008,
		1.1850249948985725,
		1.2482791847082113,
		1.5693060467416453,
		2.3209344999192787,
		3.6024913581827778
	],
	"7": [
		1.157076559224349,
		1.0381677885260034,
		1.0167875150058847,
		1.2592132119786354,
		1.7624146125456264,
		2.6192401046626963,
		3.9599423297774905
	],
	"8": [
		1.1501827663981568,
		0.9927992740905351,
		0.9287585425331213,
		1.053413781048192,
		1.4159081732354926,
		1.9777525307295796,
		2.8931561926062863,
		4.234226277804846
	],
	"9": [
		1.10258288573088,
		0.9157293667913995,
		0.8259608775451404,
		0.8743203776037931,
		1.0720784136160826,
		1.4911140919619035,
		2.1320736565114546,
		3.089098276738881,
		4.422619344607661
	]
}