{
	"5": [
		1.1185952119901563,
		1.0378804976913831,
		1.1730149399639804,
		1.755482114472743,
		2.8146908735697576
	],
	"6": [
		1.1436678251779833,
		1.0398699173930022,
		1.1133129288108912,
		1.4990378156037796,
		2.2490315036930126,
		3.5036640201411497
	],
	"7": [
		1.0782620436558354,
		0.9309963538870953,
		0.9178782170249544,
		1.1126861957059695,
		1.5848963809380068,
		2.3949743828854935,
		3.690211660599949
	],
	"8": [
		1.0974257982907973,
		0.9256540635164181,
		0.8501322698952778,
		0.9078207441696936,
		1.1696110436442837,
		1.7079782389004527,
		2.559974373230804,
		3.859939274552838
	],
	"9": [
		1.051392570453732,
		0.8677791607177548,
		0.767370021363104,
		0.7734370207197554,
		0.9252121343160313,
		1.2711497152504678,
		1.8830880398609458,
		2.7912781439239205,
		4.055358197631891
	]
}