{
	"5": [
		1.5489610386451675,
		1.563699547894973,
		1.7893475443911964,
		2.4078842529976723,
		3.7041308407507176
	],
	"6": [
		1.2799386112965838,
		1.187686083489411,
		1.2511142518425906,
		1.609070730491388,
		2.3014180732605345,
		3.5692897052138566
	],
	"7": [
		1.3774443308306092,
		1.2449349782113408,
		1.2416810911932745,
		1.4819450466067992,
		2.0081465055203256,
		2.8418811847253127,
		4.258293676491045
	],
	"8": [
		1.3364565043122691,
		1.168670631803128,
		1.0905371260400496,
		1.2013540696732916,
		1.5767128361606944,
		2.176460752167857,
		3.053150087286761,
		4.481691346353337
	],
	"9": [
		1.3358773439863831,
		1.1457259492127712,
		1.0659397720337582,
		1.1358499730742309,
		1.3336548250450408,
		1.7581484679875565,
		2.449230256426078,
		3.4007306605996983,
		4.8630051080960675
	]
}