{
	"5": [
		1.0652911325064927,
		1.1595369534659346,
		1.371469929032791,
		2.006179006386317,
		3.018962271637392
	],
	"6": [
		0.969992839069445,
		0.9798709437091838,
		1.096954533946094,
		1.530238317527141,
		2.440771136439387,
		3.5093998544034313
	],
	"7": [
		1.0150016308525494,
		0.9185438481371567,
		0.882862648875481,
		1.0981518569571178,
		1.597432872171922,
		2.4929880314426867,
		3.657710365120849
	],
	"8": [
		0.9310929606365298,
		0.7962340875895002,
		0.7052367124752011,
		0.8160537348645363,
		1.1205419770969198,
		1.6745796080909918,
		2.6292833581911625,
		3.8057358778879395
	],
	"9": [
		0.8356738349386353,
		0.6919663925799477,
		0.5935408666143747,
		0.6285575736745771,
		0.8318695998213274,
		1.1879870709838065,
		1.7943421074593278,
		2.808391308764204,
		4.031594074405061
	]
}