{
	"5": [
		3.72433677678918,
		2.5161873062502007,
		1.725297686154046,
		1.3668853228782276,
		1.4646612419125538
	],
	"6": [
		4.380235579141427,
		3.0476444314612547,
		1.9908065916292426,
		1.4545833768263903,
		1.262575290316359,
		1.4141100062180414
	],
	"7": [
		5.082511569818288,
		3.7053588397120385,
		2.361046892719483,
		1.6523414723240424,
		1.255376755251799,
		1.1288572415774012,
		1.3482476763851454
	],
	"8": [
		5.114554639921501,
		3.832725009879911,
		2.520152767706299,
		1.8123941836519897,
		1.3476457197666396,
		1.1255711854073718,
		1.0502414992396958,
		1.2345708309004888
	],
	"9": [
		4.728545389317653,
		3.56666359796434,
		2.4537803869982486,
		1.7929029572209425,
		1.3838215228702848,
		1.113266438907355,
		0.963514602469523,
		0.9024167198550858,
		0.9855248608528834
	]
}